{
  "Submit Order" : {
    "transaction" : "Submit Order",
    "sampleCount" : 5,
    "errorCount" : 5,
    "errorPct" : 100.0,
    "meanResTime" : 63.6,
    "medianResTime" : 62.0,
    "minResTime" : 59.0,
    "maxResTime" : 70.0,
    "pct1ResTime" : 70.0,
    "pct2ResTime" : 70.0,
    "pct3ResTime" : 70.0,
    "throughput" : 0.6493506493506493,
    "receivedKBytesPerSec" : 0.3126268262987013,
    "sentKBytesPerSec" : 0.16106939935064934
  },
  "Homepage" : {
    "transaction" : "Homepage",
    "sampleCount" : 5,
    "errorCount" : 0,
    "errorPct" : 0.0,
    "meanResTime" : 181.0,
    "medianResTime" : 120.0,
    "minResTime" : 81.0,
    "maxResTime" : 465.0,
    "pct1ResTime" : 465.0,
    "pct2ResTime" : 465.0,
    "pct3ResTime" : 465.0,
    "throughput" : 0.6295643414756988,
    "receivedKBytesPerSec" : 6.1500566607907325,
    "sentKBytesPerSec" : 0.11066560690002518
  },
  "Cart Page" : {
    "transaction" : "Cart Page",
    "sampleCount" : 5,
    "errorCount" : 0,
    "errorPct" : 0.0,
    "meanResTime" : 35.0,
    "medianResTime" : 28.0,
    "minResTime" : 18.0,
    "maxResTime" : 70.0,
    "pct1ResTime" : 70.0,
    "pct2ResTime" : 70.0,
    "pct3ResTime" : 70.0,
    "throughput" : 0.6564264145989235,
    "receivedKBytesPerSec" : 12.659542388735723,
    "sentKBytesPerSec" : 0.12115682847577787
  },
  "Checkout" : {
    "transaction" : "Checkout",
    "sampleCount" : 5,
    "errorCount" : 5,
    "errorPct" : 100.0,
    "meanResTime" : 127.6,
    "medianResTime" : 131.0,
    "minResTime" : 120.0,
    "maxResTime" : 135.0,
    "pct1ResTime" : 135.0,
    "pct2ResTime" : 135.0,
    "pct3ResTime" : 135.0,
    "throughput" : 0.6474168069403081,
    "receivedKBytesPerSec" : 0.6252883027968407,
    "sentKBytesPerSec" : 0.2826126100608572
  },
  "Total" : {
    "transaction" : "Total",
    "sampleCount" : 40,
    "errorCount" : 15,
    "errorPct" : 37.5,
    "meanResTime" : 68.45000000000005,
    "medianResTime" : 61.5,
    "minResTime" : 18.0,
    "maxResTime" : 465.0,
    "pct1ResTime" : 103.49999999999997,
    "pct2ResTime" : 132.34999999999994,
    "pct3ResTime" : 465.0,
    "throughput" : 4.366812227074235,
    "receivedKBytesPerSec" : 47.37575481031659,
    "sentKBytesPerSec" : 0.8918062568231441
  },
  "Open Checkout Page" : {
    "transaction" : "Open Checkout Page",
    "sampleCount" : 5,
    "errorCount" : 5,
    "errorPct" : 100.0,
    "meanResTime" : 64.0,
    "medianResTime" : 62.0,
    "minResTime" : 60.0,
    "maxResTime" : 73.0,
    "pct1ResTime" : 73.0,
    "pct2ResTime" : 73.0,
    "pct3ResTime" : 73.0,
    "throughput" : 0.6540222367560498,
    "receivedKBytesPerSec" : 0.3167920209287116,
    "sentKBytesPerSec" : 0.12326786298234141
  },
  "Send Message" : {
    "transaction" : "Send Message",
    "sampleCount" : 5,
    "errorCount" : 5,
    "errorPct" : 100.0,
    "meanResTime" : 61.6,
    "medianResTime" : 61.0,
    "minResTime" : 59.0,
    "maxResTime" : 66.0,
    "pct1ResTime" : 66.0,
    "pct2ResTime" : 66.0,
    "pct3ResTime" : 66.0,
    "throughput" : 0.6613756613756614,
    "receivedKBytesPerSec" : 0.320353835978836,
    "sentKBytesPerSec" : 0.18278253141534392
  },
  "Product Detail Page" : {
    "transaction" : "Product Detail Page",
    "sampleCount" : 5,
    "errorCount" : 0,
    "errorPct" : 0.0,
    "meanResTime" : 57.6,
    "medianResTime" : 61.0,
    "minResTime" : 27.0,
    "maxResTime" : 72.0,
    "pct1ResTime" : 72.0,
    "pct2ResTime" : 72.0,
    "pct3ResTime" : 72.0,
    "throughput" : 0.6565988181221273,
    "receivedKBytesPerSec" : 9.382309791529876,
    "sentKBytesPerSec" : 0.12567711753118843
  },
  "View Cart" : {
    "transaction" : "View Cart",
    "sampleCount" : 5,
    "errorCount" : 0,
    "errorPct" : 0.0,
    "meanResTime" : 42.4,
    "medianResTime" : 27.0,
    "minResTime" : 22.0,
    "maxResTime" : 69.0,
    "pct1ResTime" : 69.0,
    "pct2ResTime" : 69.0,
    "pct3ResTime" : 69.0,
    "throughput" : 0.6516356053694774,
    "receivedKBytesPerSec" : 14.776982804965463,
    "sentKBytesPerSec" : 0.12027258731917112
  },
  "Open Contact Page" : {
    "transaction" : "Open Contact Page",
    "sampleCount" : 5,
    "errorCount" : 0,
    "errorPct" : 0.0,
    "meanResTime" : 42.4,
    "medianResTime" : 26.0,
    "minResTime" : 23.0,
    "maxResTime" : 74.0,
    "pct1ResTime" : 74.0,
    "pct2ResTime" : 74.0,
    "pct3ResTime" : 74.0,
    "throughput" : 0.649772579597141,
    "receivedKBytesPerSec" : 12.554824561403509,
    "sentKBytesPerSec" : 0.11992872807017543
  },
  "Contact" : {
    "transaction" : "Contact",
    "sampleCount" : 5,
    "errorCount" : 5,
    "errorPct" : 100.0,
    "meanResTime" : 104.0,
    "medianResTime" : 92.0,
    "minResTime" : 82.0,
    "maxResTime" : 136.0,
    "pct1ResTime" : 136.0,
    "pct2ResTime" : 136.0,
    "pct3ResTime" : 136.0,
    "throughput" : 0.6474168069403081,
    "receivedKBytesPerSec" : 12.82289913246148,
    "sentKBytesPerSec" : 0.2984186844490483
  }
}