{
  "Submit Order" : {
    "transaction" : "Submit Order",
    "sampleCount" : 5,
    "errorCount" : 5,
    "errorPct" : 100.0,
    "meanResTime" : 62.6,
    "medianResTime" : 62.0,
    "minResTime" : 60.0,
    "maxResTime" : 65.0,
    "pct1ResTime" : 65.0,
    "pct2ResTime" : 65.0,
    "pct3ResTime" : 65.0,
    "throughput" : 0.6817562039814562,
    "receivedKBytesPerSec" : 0.32822832867466595,
    "sentKBytesPerSec" : 0.16910749590946278
  },
  "Homepage" : {
    "transaction" : "Homepage",
    "sampleCount" : 5,
    "errorCount" : 0,
    "errorPct" : 0.0,
    "meanResTime" : 176.0,
    "medianResTime" : 121.0,
    "minResTime" : 72.0,
    "maxResTime" : 489.0,
    "pct1ResTime" : 489.0,
    "pct2ResTime" : 489.0,
    "pct3ResTime" : 489.0,
    "throughput" : 0.6280618012812461,
    "receivedKBytesPerSec" : 3.0981111041326463,
    "sentKBytesPerSec" : 0.11040148850646904
  },
  "Cart Page" : {
    "transaction" : "Cart Page",
    "sampleCount" : 5,
    "errorCount" : 0,
    "errorPct" : 0.0,
    "meanResTime" : 40.2,
    "medianResTime" : 27.0,
    "minResTime" : 19.0,
    "maxResTime" : 65.0,
    "pct1ResTime" : 65.0,
    "pct2ResTime" : 65.0,
    "pct3ResTime" : 65.0,
    "throughput" : 0.6775985905949315,
    "receivedKBytesPerSec" : 10.711219126914216,
    "sentKBytesPerSec" : 0.12506458361566608
  },
  "Checkout" : {
    "transaction" : "Checkout",
    "sampleCount" : 5,
    "errorCount" : 5,
    "errorPct" : 100.0,
    "meanResTime" : 124.4,
    "medianResTime" : 124.0,
    "minResTime" : 122.0,
    "maxResTime" : 127.0,
    "pct1ResTime" : 127.0,
    "pct2ResTime" : 127.0,
    "pct3ResTime" : 127.0,
    "throughput" : 0.6681812107443539,
    "receivedKBytesPerSec" : 0.6453429857677403,
    "sentKBytesPerSec" : 0.2916767589870373
  },
  "Total" : {
    "transaction" : "Total",
    "sampleCount" : 40,
    "errorCount" : 15,
    "errorPct" : 37.5,
    "meanResTime" : 66.29999999999997,
    "medianResTime" : 62.0,
    "minResTime" : 19.0,
    "maxResTime" : 489.0,
    "pct1ResTime" : 116.39999999999993,
    "pct2ResTime" : 129.64999999999998,
    "pct3ResTime" : 489.0,
    "throughput" : 4.466279589102277,
    "receivedKBytesPerSec" : 27.128068822577045,
    "sentKBytesPerSec" : 0.912119842842787
  },
  "Open Checkout Page" : {
    "transaction" : "Open Checkout Page",
    "sampleCount" : 5,
    "errorCount" : 5,
    "errorPct" : 100.0,
    "meanResTime" : 61.8,
    "medianResTime" : 62.0,
    "minResTime" : 61.0,
    "maxResTime" : 62.0,
    "pct1ResTime" : 62.0,
    "pct2ResTime" : 62.0,
    "pct3ResTime" : 62.0,
    "throughput" : 0.6729475100942126,
    "receivedKBytesPerSec" : 0.32595895020188426,
    "sentKBytesPerSec" : 0.12683483344549126
  },
  "Send Message" : {
    "transaction" : "Send Message",
    "sampleCount" : 5,
    "errorCount" : 5,
    "errorPct" : 100.0,
    "meanResTime" : 61.4,
    "medianResTime" : 61.0,
    "minResTime" : 59.0,
    "maxResTime" : 64.0,
    "pct1ResTime" : 64.0,
    "pct2ResTime" : 64.0,
    "pct3ResTime" : 64.0,
    "throughput" : 0.6779661016949153,
    "receivedKBytesPerSec" : 0.3283898305084746,
    "sentKBytesPerSec" : 0.1873675847457627
  },
  "Product Detail Page" : {
    "transaction" : "Product Detail Page",
    "sampleCount" : 5,
    "errorCount" : 0,
    "errorPct" : 0.0,
    "meanResTime" : 51.6,
    "medianResTime" : 21.0,
    "minResTime" : 19.0,
    "maxResTime" : 130.0,
    "pct1ResTime" : 130.0,
    "pct2ResTime" : 130.0,
    "pct3ResTime" : 130.0,
    "throughput" : 0.6700616456714018,
    "receivedKBytesPerSec" : 5.545283603591531,
    "sentKBytesPerSec" : 0.12825398686679174
  },
  "View Cart" : {
    "transaction" : "View Cart",
    "sampleCount" : 5,
    "errorCount" : 0,
    "errorPct" : 0.0,
    "meanResTime" : 30.2,
    "medianResTime" : 20.0,
    "minResTime" : 19.0,
    "maxResTime" : 64.0,
    "pct1ResTime" : 64.0,
    "pct2ResTime" : 64.0,
    "pct3ResTime" : 64.0,
    "throughput" : 0.6734006734006734,
    "receivedKBytesPerSec" : 6.070075757575758,
    "sentKBytesPerSec" : 0.12428977272727273
  },
  "Open Contact Page" : {
    "transaction" : "Open Contact Page",
    "sampleCount" : 5,
    "errorCount" : 0,
    "errorPct" : 0.0,
    "meanResTime" : 46.6,
    "medianResTime" : 60.0,
    "minResTime" : 19.0,
    "maxResTime" : 72.0,
    "pct1ResTime" : 72.0,
    "pct2ResTime" : 72.0,
    "pct3ResTime" : 72.0,
    "throughput" : 0.6729475100942126,
    "receivedKBytesPerSec" : 6.131445575370122,
    "sentKBytesPerSec" : 0.12420613223418574
  },
  "Contact" : {
    "transaction" : "Contact",
    "sampleCount" : 5,
    "errorCount" : 5,
    "errorPct" : 100.0,
    "meanResTime" : 108.0,
    "medianResTime" : 121.0,
    "minResTime" : 79.0,
    "maxResTime" : 136.0,
    "pct1ResTime" : 136.0,
    "pct2ResTime" : 136.0,
    "pct3ResTime" : 136.0,
    "throughput" : 0.6805498843065196,
    "receivedKBytesPerSec" : 6.530354651558459,
    "sentKBytesPerSec" : 0.3136909622975364
  }
}