{
  "Submit Order" : {
    "transaction" : "Submit Order",
    "sampleCount" : 5,
    "errorCount" : 5,
    "errorPct" : 100.0,
    "meanResTime" : 68.4,
    "medianResTime" : 70.0,
    "minResTime" : 65.0,
    "maxResTime" : 71.0,
    "pct1ResTime" : 71.0,
    "pct2ResTime" : 71.0,
    "pct3ResTime" : 71.0,
    "throughput" : 0.6753106428957321,
    "receivedKBytesPerSec" : 0.3251251435035116,
    "sentKBytesPerSec" : 0.16750869462452728
  },
  "Homepage" : {
    "transaction" : "Homepage",
    "sampleCount" : 5,
    "errorCount" : 0,
    "errorPct" : 0.0,
    "meanResTime" : 218.4,
    "medianResTime" : 140.0,
    "minResTime" : 102.0,
    "maxResTime" : 568.0,
    "pct1ResTime" : 568.0,
    "pct2ResTime" : 568.0,
    "pct3ResTime" : 568.0,
    "throughput" : 0.62625250501002,
    "receivedKBytesPerSec" : 4.594393865856714,
    "sentKBytesPerSec" : 0.11008344814629259
  },
  "Cart Page" : {
    "transaction" : "Cart Page",
    "sampleCount" : 5,
    "errorCount" : 0,
    "errorPct" : 0.0,
    "meanResTime" : 44.2,
    "medianResTime" : 28.0,
    "minResTime" : 24.0,
    "maxResTime" : 72.0,
    "pct1ResTime" : 72.0,
    "pct2ResTime" : 72.0,
    "pct3ResTime" : 72.0,
    "throughput" : 0.6730380939561179,
    "receivedKBytesPerSec" : 10.682770855767936,
    "sentKBytesPerSec" : 0.12422285132588504
  },
  "Checkout" : {
    "transaction" : "Checkout",
    "sampleCount" : 5,
    "errorCount" : 5,
    "errorPct" : 100.0,
    "meanResTime" : 136.0,
    "medianResTime" : 136.0,
    "minResTime" : 128.0,
    "maxResTime" : 144.0,
    "pct1ResTime" : 144.0,
    "pct2ResTime" : 144.0,
    "pct3ResTime" : 144.0,
    "throughput" : 0.665513110608279,
    "receivedKBytesPerSec" : 0.6427660804605351,
    "sentKBytesPerSec" : 0.29051207074404367
  },
  "Total" : {
    "transaction" : "Total",
    "sampleCount" : 40,
    "errorCount" : 15,
    "errorPct" : 37.5,
    "meanResTime" : 77.02499999999999,
    "medianResTime" : 68.0,
    "minResTime" : 24.0,
    "maxResTime" : 568.0,
    "pct1ResTime" : 131.69999999999996,
    "pct2ResTime" : 146.64999999999998,
    "pct3ResTime" : 568.0,
    "throughput" : 4.401892813909981,
    "receivedKBytesPerSec" : 33.218492936337626,
    "sentKBytesPerSec" : 0.8989705417079344
  },
  "Open Checkout Page" : {
    "transaction" : "Open Checkout Page",
    "sampleCount" : 5,
    "errorCount" : 5,
    "errorPct" : 100.0,
    "meanResTime" : 67.6,
    "medianResTime" : 66.0,
    "minResTime" : 62.0,
    "maxResTime" : 73.0,
    "pct1ResTime" : 73.0,
    "pct2ResTime" : 73.0,
    "pct3ResTime" : 73.0,
    "throughput" : 0.6726759047490919,
    "receivedKBytesPerSec" : 0.3258273913628414,
    "sentKBytesPerSec" : 0.12678364220368626
  },
  "Send Message" : {
    "transaction" : "Send Message",
    "sampleCount" : 5,
    "errorCount" : 5,
    "errorPct" : 100.0,
    "meanResTime" : 67.0,
    "medianResTime" : 67.0,
    "minResTime" : 66.0,
    "maxResTime" : 68.0,
    "pct1ResTime" : 68.0,
    "pct2ResTime" : 68.0,
    "pct3ResTime" : 68.0,
    "throughput" : 0.6780580417683754,
    "receivedKBytesPerSec" : 0.32843436398155684,
    "sentKBytesPerSec" : 0.18739299396528344
  },
  "Product Detail Page" : {
    "transaction" : "Product Detail Page",
    "sampleCount" : 5,
    "errorCount" : 0,
    "errorPct" : 0.0,
    "meanResTime" : 64.2,
    "medianResTime" : 74.0,
    "minResTime" : 26.0,
    "maxResTime" : 75.0,
    "pct1ResTime" : 75.0,
    "pct2ResTime" : 75.0,
    "pct3ResTime" : 75.0,
    "throughput" : 0.6608511763150938,
    "receivedKBytesPerSec" : 9.40667439036479,
    "sentKBytesPerSec" : 0.12649104546656093
  },
  "View Cart" : {
    "transaction" : "View Cart",
    "sampleCount" : 5,
    "errorCount" : 0,
    "errorPct" : 0.0,
    "meanResTime" : 42.0,
    "medianResTime" : 24.0,
    "minResTime" : 24.0,
    "maxResTime" : 70.0,
    "pct1ResTime" : 70.0,
    "pct2ResTime" : 70.0,
    "pct3ResTime" : 70.0,
    "throughput" : 0.6716818914562063,
    "receivedKBytesPerSec" : 3.7555151380306286,
    "sentKBytesPerSec" : 0.12397253660666309
  },
  "Open Contact Page" : {
    "transaction" : "Open Contact Page",
    "sampleCount" : 5,
    "errorCount" : 0,
    "errorPct" : 0.0,
    "meanResTime" : 44.4,
    "medianResTime" : 28.0,
    "minResTime" : 24.0,
    "maxResTime" : 75.0,
    "pct1ResTime" : 75.0,
    "pct2ResTime" : 75.0,
    "pct3ResTime" : 75.0,
    "throughput" : 0.6898454746136866,
    "receivedKBytesPerSec" : 10.959515771592162,
    "sentKBytesPerSec" : 0.12732499482615894
  },
  "Contact" : {
    "transaction" : "Contact",
    "sampleCount" : 5,
    "errorCount" : 5,
    "errorPct" : 100.0,
    "meanResTime" : 111.4,
    "medianResTime" : 96.0,
    "minResTime" : 90.0,
    "maxResTime" : 143.0,
    "pct1ResTime" : 143.0,
    "pct2ResTime" : 143.0,
    "pct3ResTime" : 143.0,
    "throughput" : 0.6691648822269807,
    "receivedKBytesPerSec" : 10.955091717411669,
    "sentKBytesPerSec" : 0.30844318790149894
  }
}